{
  "colliders": [
    {
      "shape": "box",
      "size": [
        0.0083,
        0.0082878275,
        0.005
      ],
      "offset": [
        0.0,
        0.0,
        -0.0025
      ],
      "rotation": [
        0.0,
        0.0,
        0.0
      ]
    },
    {
      "shape": "box",
      "size": [
        0.0083,
        0.0082878275,
        0.001
      ],
      "offset": [
        0.0,
        0.0,
        0.0
      ],
      "rotation": [
        0.0,
        0.0,
        0.0
      ]
    },
    {
      "shape": "box",
      "size": [
        0.00485,
        0.004842887,
        0.02
      ],
      "offset": [
        0.0,
        0.0,
        0.01
      ],
      "rotation": [
        0.0,
        0.0,
        0.0
      ]
    },
    {
      "shape": "box",
      "size": [
        0.00485,
        0.004842887,
        0.001
      ],
      "offset": [
        0.0,
        0.0,
        0.02
      ],
      "rotation": [
        0.0,
        0.0,
        0.0
      ]
    }
  ]
}
