{
  "colliders": [
    {
      "shape": "box",
      "size": [
        0.0010846653,
        0.0012046511,
        0.001
      ],
      "offset": [
        0.007439644,
        0.0008790698,
        -0.001625
      ],
      "rotation": [
        0.0,
        0.0,
        0.0
      ]
    }
  ]
}
