{
  "colliders": [
    {
      "shape": "box",
      "size": [
        0.0013209415,
        0.0016000001,
        0.001
      ],
      "offset": [
        0.001476448,
        -0.0029,
        -0.0016250017
      ],
      "rotation": [
        0.0,
        0.0,
        0.0
      ]
    }
  ]
}
