{
  "colliders": [
    {
      "shape": "box",
      "size": [
        0.0010019074,
        0.0012397226,
        0.0010019074
      ],
      "offset": [
        0.0027954546,
        0.015301825,
        0.003925
      ],
      "rotation": [
        0.0,
        0.0,
        0.0
      ]
    }
  ]
}
