{
  "colliders": [
    {
      "shape": "box",
      "size": [
        0.001,
        0.001,
        0.001
      ],
      "offset": [
        -0.005781669,
        0.016581431,
        0.0039124996
      ],
      "rotation": [
        0.0,
        0.0,
        0.0
      ]
    },
    {
      "shape": "box",
      "size": [
        0.0017558457,
        0.0017546285,
        0.001
      ],
      "offset": [
        -0.005028345,
        0.015793879,
        0.0039124996
      ],
      "rotation": [
        0.0,
        0.0,
        0.0
      ]
    },
    {
      "shape": "box",
      "size": [
        0.001,
        0.001,
        0.001
      ],
      "offset": [
        -0.0044129067,
        0.014916563,
        0.0039124996
      ],
      "rotation": [
        0.0,
        0.0,
        0.0
      ]
    },
    {
      "shape": "box",
      "size": [
        0.001,
        0.001,
        0.001
      ],
      "offset": [
        -0.004240233,
        0.015040604,
        0.0039124996
      ],
      "rotation": [
        0.0,
        0.0,
        0.0
      ]
    }
  ]
}
