{
  "colliders": [
    {
      "shape": "box",
      "size": [
        0.001461846,
        0.0016000001,
        0.001
      ],
      "offset": [
        -0.0015339026,
        -0.0029,
        -0.001625
      ],
      "rotation": [
        0.0,
        0.0,
        0.0
      ]
    },
    {
      "shape": "box",
      "size": [
        0.001,
        0.001,
        0.001
      ],
      "offset": [
        -0.0015306323,
        -0.0036999998,
        -0.001625
      ],
      "rotation": [
        0.0,
        0.0,
        0.0
      ]
    },
    {
      "shape": "box",
      "size": [
        0.001,
        0.001,
        0.001
      ],
      "offset": [
        -0.0014892071,
        -0.0033934244,
        -0.001625
      ],
      "rotation": [
        0.0,
        0.0,
        0.0
      ]
    },
    {
      "shape": "box",
      "size": [
        0.001,
        0.001,
        0.001
      ],
      "offset": [
        -0.00091744185,
        -0.0021,
        -0.001625
      ],
      "rotation": [
        0.0,
        0.0,
        0.0
      ]
    }
  ]
}
