{
  "colliders": [
    {
      "shape": "box",
      "size": [
        0.001,
        0.001,
        0.001
      ],
      "offset": [
        -0.00775,
        -0.0048,
        0.00039999996
      ],
      "rotation": [
        0.0,
        0.0,
        0.0
      ]
    },
    {
      "shape": "box",
      "size": [
        0.0010000002,
        0.001,
        0.001
      ],
      "offset": [
        -0.0071,
        -0.0048,
        0.00039999996
      ],
      "rotation": [
        0.0,
        0.0,
        0.0
      ]
    },
    {
      "shape": "box",
      "size": [
        0.001,
        0.001,
        0.001
      ],
      "offset": [
        -0.00645,
        -0.0048,
        0.00039999996
      ],
      "rotation": [
        0.0,
        0.0,
        0.0
      ]
    },
    {
      "shape": "box",
      "size": [
        0.001,
        0.001,
        0.001
      ],
      "offset": [
        -0.0063,
        -0.0048,
        0.00039999996
      ],
      "rotation": [
        0.0,
        0.0,
        0.0
      ]
    }
  ]
}
