{
  "colliders": [
    {
      "shape": "box",
      "size": [
        0.0010562874,
        0.0016093024,
        0.001
      ],
      "offset": [
        -0.0078047775,
        0.0011046511,
        -0.001625
      ],
      "rotation": [
        0.0,
        0.0,
        0.0
      ]
    },
    {
      "shape": "box",
      "size": [
        0.001,
        0.001,
        0.001
      ],
      "offset": [
        -0.0073916055,
        0.0016157703,
        -0.001625
      ],
      "rotation": [
        0.0,
        0.0,
        0.0
      ]
    },
    {
      "shape": "box",
      "size": [
        0.001,
        0.001,
        0.001
      ],
      "offset": [
        -0.0073639313,
        0.00054197846,
        -0.001625
      ],
      "rotation": [
        0.0,
        0.0,
        0.0
      ]
    },
    {
      "shape": "box",
      "size": [
        0.001,
        0.001,
        0.001
      ],
      "offset": [
        -0.0072879866,
        0.00036798097,
        -0.001625
      ],
      "rotation": [
        0.0,
        0.0,
        0.0
      ]
    }
  ]
}
