{
  "colliders": [
    {
      "shape": "box",
      "size": [
        0.001,
        0.001,
        0.001
      ],
      "offset": [
        -0.00085,
        -0.0178,
        0.00039999996
      ],
      "rotation": [
        0.0,
        0.0,
        0.0
      ]
    },
    {
      "shape": "box",
      "size": [
        0.001,
        0.001,
        0.001
      ],
      "offset": [
        -0.00019999998,
        -0.0178,
        0.00039999996
      ],
      "rotation": [
        0.0,
        0.0,
        0.0
      ]
    },
    {
      "shape": "box",
      "size": [
        0.001,
        0.001,
        0.001
      ],
      "offset": [
        0.00045,
        -0.0178,
        0.00039999996
      ],
      "rotation": [
        0.0,
        0.0,
        0.0
      ]
    },
    {
      "shape": "box",
      "size": [
        0.001,
        0.001,
        0.001
      ],
      "offset": [
        0.0006,
        -0.0178,
        0.00039999996
      ],
      "rotation": [
        0.0,
        0.0,
        0.0
      ]
    }
  ]
}
