{
  "colliders": [
    {
      "shape": "box",
      "size": [
        0.001,
        0.0012000008,
        0.001
      ],
      "offset": [
        -0.00061347435,
        0.0153,
        0.003925
      ],
      "rotation": [
        0.0,
        0.0,
        0.0
      ]
    }
  ]
}
