{
  "colliders": [
    {
      "shape": "box",
      "size": [
        0.0012667151,
        0.0016000001,
        0.001
      ],
      "offset": [
        -0.0050742007,
        -0.0029,
        -0.001625
      ],
      "rotation": [
        0.0,
        0.0,
        0.0
      ]
    },
    {
      "shape": "box",
      "size": [
        0.001,
        0.001,
        0.001
      ],
      "offset": [
        -0.0050731106,
        -0.0036999998,
        -0.001625
      ],
      "rotation": [
        0.0,
        0.0,
        0.0
      ]
    },
    {
      "shape": "box",
      "size": [
        0.001,
        0.001,
        0.001
      ],
      "offset": [
        -0.004704106,
        -0.0022848838,
        -0.001625
      ],
      "rotation": [
        0.0,
        0.0,
        0.0
      ]
    },
    {
      "shape": "box",
      "size": [
        0.001,
        0.001,
        0.001
      ],
      "offset": [
        -0.004440843,
        -0.0021924418,
        -0.001625
      ],
      "rotation": [
        0.0,
        0.0,
        0.0
      ]
    }
  ]
}
