{
  "colliders": [
    {
      "shape": "box",
      "size": [
        0.0070019076,
        0.0065019084,
        0.0017019074
      ],
      "offset": [
        -0.00475,
        -0.0133,
        0.00085
      ],
      "rotation": [
        0.0,
        0.0,
        0.0
      ]
    }
  ]
}
