{
  "colliders": [
    {
      "shape": "box",
      "size": [
        0.001,
        0.0015999991,
        0.001
      ],
      "offset": [
        -0.0108,
        -0.019000001,
        0.00039999996
      ],
      "rotation": [
        0.0,
        0.0,
        0.0
      ]
    }
  ]
}
