{
  "colliders": [
    {
      "shape": "box",
      "size": [
        0.0014127907,
        0.001655814,
        0.001
      ],
      "offset": [
        0.001652471,
        0.0011,
        -0.001625
      ],
      "rotation": [
        0.0,
        0.0,
        0.0
      ]
    }
  ]
}
