{
  "colliders": [
    {
      "shape": "box",
      "size": [
        0.001608626,
        0.001604028,
        0.001
      ],
      "offset": [
        -0.0054414673,
        0.015381347,
        0.0039124996
      ],
      "rotation": [
        0.0,
        0.0,
        0.0
      ]
    },
    {
      "shape": "box",
      "size": [
        0.001,
        0.001,
        0.001
      ],
      "offset": [
        -0.0049338695,
        0.014640184,
        0.0039124996
      ],
      "rotation": [
        0.0,
        0.0,
        0.0
      ]
    },
    {
      "shape": "box",
      "size": [
        0.001,
        0.001,
        0.001
      ],
      "offset": [
        -0.004746083,
        0.014644799,
        0.0039124996
      ],
      "rotation": [
        0.0,
        0.0,
        0.0
      ]
    },
    {
      "shape": "box",
      "size": [
        0.001,
        0.001,
        0.001
      ],
      "offset": [
        -0.004648159,
        0.01479663,
        0.0039124996
      ],
      "rotation": [
        0.0,
        0.0,
        0.0
      ]
    }
  ]
}
