{
  "colliders": [
    {
      "shape": "box",
      "size": [
        0.0010563227,
        0.0012000008,
        0.001
      ],
      "offset": [
        0.00057618093,
        0.0153,
        0.003925
      ],
      "rotation": [
        0.0,
        0.0,
        0.0
      ]
    }
  ]
}
