{
  "colliders": [
    {
      "shape": "box",
      "size": [
        0.0011925872,
        0.0016000001,
        0.001
      ],
      "offset": [
        -0.0022749272,
        0.0011,
        -0.001625
      ],
      "rotation": [
        0.0,
        0.0,
        0.0
      ]
    }
  ]
}
