{
  "colliders": [
    {
      "shape": "box",
      "size": [
        0.001,
        0.001,
        0.001
      ],
      "offset": [
        -0.0040838663,
        -0.0036999998,
        -0.001625
      ],
      "rotation": [
        0.0,
        0.0,
        0.0
      ]
    },
    {
      "shape": "box",
      "size": [
        0.001,
        0.0016000001,
        0.001
      ],
      "offset": [
        -0.0040838663,
        -0.0029,
        -0.001625
      ],
      "rotation": [
        0.0,
        0.0,
        0.0
      ]
    },
    {
      "shape": "box",
      "size": [
        0.001,
        0.001,
        0.001
      ],
      "offset": [
        -0.0040838663,
        -0.0021,
        -0.001625
      ],
      "rotation": [
        0.0,
        0.0,
        0.0
      ]
    },
    {
      "shape": "box",
      "size": [
        0.001,
        0.0016000001,
        0.001
      ],
      "offset": [
        -0.003978125,
        -0.0029,
        -0.001625
      ],
      "rotation": [
        0.0,
        0.0,
        0.0
      ]
    }
  ]
}
