{
  "colliders": [
    {
      "shape": "box",
      "size": [
        0.008401907,
        0.006901907,
        0.0029269075
      ],
      "offset": [
        0.0,
        -0.02375,
        0.0013875
      ],
      "rotation": [
        0.0,
        0.0,
        0.0
      ]
    }
  ]
}
