{
  "colliders": [
    {
      "shape": "box",
      "size": [
        0.0016000001,
        0.001,
        0.001
      ],
      "offset": [
        0.007999999,
        -0.005,
        0.00022500001
      ],
      "rotation": [
        0.0,
        0.0,
        0.0
      ]
    },
    {
      "shape": "box",
      "size": [
        0.001,
        0.001,
        0.001
      ],
      "offset": [
        0.0087775,
        -0.005,
        2.2499997e-05
      ],
      "rotation": [
        0.0,
        0.0,
        0.0
      ]
    },
    {
      "shape": "box",
      "size": [
        0.001,
        0.001,
        0.001
      ],
      "offset": [
        0.0087775,
        -0.005,
        0.0004275
      ],
      "rotation": [
        0.0,
        0.0,
        0.0
      ]
    },
    {
      "shape": "box",
      "size": [
        0.001,
        0.001,
        0.001
      ],
      "offset": [
        0.0088,
        -0.005,
        0.00022500001
      ],
      "rotation": [
        0.0,
        0.0,
        0.0
      ]
    }
  ]
}
