{
  "colliders": [
    {
      "shape": "box",
      "size": [
        0.018001907,
        0.025501907,
        0.0010019074
      ],
      "offset": [
        0.0,
        0.01245,
        0.00055000006
      ],
      "rotation": [
        0.0,
        0.0,
        0.0
      ]
    }
  ]
}
