{
  "colliders": [
    {
      "shape": "box",
      "size": [
        0.0012842932,
        0.0010000002,
        0.001
      ],
      "offset": [
        -0.0017953806,
        0.0128,
        0.003925
      ],
      "rotation": [
        0.0,
        0.0,
        0.0
      ]
    }
  ]
}
