{
  "colliders": [
    {
      "shape": "box",
      "size": [
        0.0012195301,
        0.0016000001,
        0.001
      ],
      "offset": [
        0.0061178515,
        -0.0029,
        -0.001625
      ],
      "rotation": [
        0.0,
        0.0,
        0.0
      ]
    }
  ]
}
