{
  "colliders": [
    {
      "shape": "box",
      "size": [
        0.0010458501,
        0.0016372093,
        0.001
      ],
      "offset": [
        -0.006584488,
        0.0010906977,
        -0.001625
      ],
      "rotation": [
        0.0,
        0.0,
        0.0
      ]
    },
    {
      "shape": "box",
      "size": [
        0.001,
        0.001,
        0.001
      ],
      "offset": [
        -0.006162282,
        0.001646657,
        -0.001625
      ],
      "rotation": [
        0.0,
        0.0,
        0.0
      ]
    },
    {
      "shape": "box",
      "size": [
        0.001,
        0.001,
        0.001
      ],
      "offset": [
        -0.0061593424,
        0.00073812547,
        -0.001625
      ],
      "rotation": [
        0.0,
        0.0,
        0.0
      ]
    },
    {
      "shape": "box",
      "size": [
        0.001,
        0.001,
        0.001
      ],
      "offset": [
        -0.00614052,
        0.00056163565,
        -0.001625
      ],
      "rotation": [
        0.0,
        0.0,
        0.0
      ]
    }
  ]
}
