{
  "colliders": [
    {
      "shape": "box",
      "size": [
        0.028501907,
        0.05200191,
        0.009801907
      ],
      "offset": [
        -0.0116,
        0.0235,
        -0.0033
      ],
      "rotation": [
        0.0,
        0.0,
        0.0
      ]
    }
  ]
}
