{
  "colliders": [
    {
      "shape": "box",
      "size": [
        0.001,
        0.0010348838,
        0.001
      ],
      "offset": [
        0.0015001881,
        0.0128,
        0.003925
      ],
      "rotation": [
        0.0,
        0.0,
        0.0
      ]
    },
    {
      "shape": "box",
      "size": [
        0.001,
        0.001,
        0.001
      ],
      "offset": [
        0.0015001881,
        0.012830865,
        0.003925
      ],
      "rotation": [
        0.0,
        0.0,
        0.0
      ]
    },
    {
      "shape": "box",
      "size": [
        0.001,
        0.001,
        0.001
      ],
      "offset": [
        0.0016217643,
        0.012313232,
        0.003925
      ],
      "rotation": [
        0.0,
        0.0,
        0.0
      ]
    },
    {
      "shape": "box",
      "size": [
        0.001,
        0.001,
        0.001
      ],
      "offset": [
        0.0019486237,
        0.012932505,
        0.003925
      ],
      "rotation": [
        0.0,
        0.0,
        0.0
      ]
    }
  ]
}
