{
  "colliders": [
    {
      "shape": "box",
      "size": [
        0.0022729035,
        0.0022576777,
        0.001
      ],
      "offset": [
        -0.0053134467,
        0.015494987,
        0.0039124996
      ],
      "rotation": [
        0.0,
        0.0,
        0.0
      ]
    }
  ]
}
