{
  "colliders": [
    {
      "shape": "box",
      "size": [
        0.0025019073,
        0.0030019074,
        0.0012019074
      ],
      "offset": [
        0.0003,
        -0.0078,
        0.0006
      ],
      "rotation": [
        0.0,
        0.0,
        0.0
      ]
    }
  ]
}
