{
  "colliders": [
    {
      "shape": "box",
      "size": [
        0.008901907,
        0.006801907,
        0.0041779615
      ],
      "offset": [
        0.0,
        -0.0243,
        0.0010119731
      ],
      "rotation": [
        0.0,
        0.0,
        0.0
      ]
    }
  ]
}
