{
  "colliders": [
    {
      "shape": "box",
      "size": [
        0.0010000002,
        0.001,
        0.001
      ],
      "offset": [
        -0.0058,
        -0.022627316,
        2.5000001e-05
      ],
      "rotation": [
        0.0,
        0.0,
        0.0
      ]
    },
    {
      "shape": "box",
      "size": [
        0.001,
        0.001,
        0.001
      ],
      "offset": [
        -0.0054155523,
        -0.022561228,
        2.5000001e-05
      ],
      "rotation": [
        0.0,
        0.0,
        0.0
      ]
    },
    {
      "shape": "box",
      "size": [
        0.001,
        0.001,
        0.001
      ],
      "offset": [
        -0.005357776,
        -0.022254633,
        2.5000001e-05
      ],
      "rotation": [
        0.0,
        0.0,
        0.0
      ]
    },
    {
      "shape": "box",
      "size": [
        0.001,
        0.001,
        0.001
      ],
      "offset": [
        -0.0053,
        -0.022627316,
        2.5000001e-05
      ],
      "rotation": [
        0.0,
        0.0,
        0.0
      ]
    }
  ]
}
