{
  "colliders": [
    {
      "shape": "box",
      "size": [
        0.0010562879,
        0.0016093024,
        0.001
      ],
      "offset": [
        0.003573856,
        -0.0028953487,
        -0.001625
      ],
      "rotation": [
        0.0,
        0.0,
        0.0
      ]
    }
  ]
}
