{
  "colliders": [
    {
      "shape": "box",
      "size": [
        0.0158,
        0.001,
        0.003
      ],
      "offset": [
        0.0,
        0.00096,
        0.0023999999
      ],
      "rotation": [
        0.0,
        0.0,
        0.0
      ]
    },
    {
      "shape": "box",
      "size": [
        0.0158,
        0.01736,
        0.003
      ],
      "offset": [
        0.0,
        0.009699999,
        0.0023999999
      ],
      "rotation": [
        0.0,
        0.0,
        0.0
      ]
    },
    {
      "shape": "box",
      "size": [
        0.0158,
        0.001,
        0.003
      ],
      "offset": [
        0.0,
        0.01844,
        0.0023999999
      ],
      "rotation": [
        0.0,
        0.0,
        0.0
      ]
    },
    {
      "shape": "box",
      "size": [
        0.001,
        0.01736,
        0.00288
      ],
      "offset": [
        0.00785,
        0.009699999,
        0.00234
      ],
      "rotation": [
        0.0,
        0.0,
        0.0
      ]
    }
  ]
}
