{
  "colliders": [
    {
      "shape": "box",
      "size": [
        0.0016000005,
        0.0020548701,
        0.001
      ],
      "offset": [
        -0.0083,
        0.021910138,
        -0.001625
      ],
      "rotation": [
        0.0,
        0.0,
        0.0
      ]
    }
  ]
}
