{
  "colliders": [
    {
      "shape": "box",
      "size": [
        0.0012737,
        0.0016528061,
        0.0010019074
      ],
      "offset": [
        0.007651768,
        -0.0028978065,
        -0.001625
      ],
      "rotation": [
        0.0,
        0.0,
        0.0
      ]
    }
  ]
}
