{
  "colliders": [
    {
      "shape": "box",
      "size": [
        0.0010019075,
        0.0010019074,
        0.0010019074
      ],
      "offset": [
        0.0055,
        -0.02352295,
        2.5000001e-05
      ],
      "rotation": [
        0.0,
        0.0,
        0.0
      ]
    }
  ]
}
