{
  "colliders": [
    {
      "shape": "box",
      "size": [
        0.0010019074,
        0.0010334207,
        0.0010019074
      ],
      "offset": [
        -0.0043195332,
        0.0128015205,
        0.003925
      ],
      "rotation": [
        0.0,
        0.0,
        0.0
      ]
    }
  ]
}
