{
  "colliders": [
    {
      "shape": "box",
      "size": [
        0.0010019074,
        0.0016019077,
        0.0011019073
      ],
      "offset": [
        -0.0044,
        -0.004,
        0.00055
      ],
      "rotation": [
        0.0,
        0.0,
        0.0
      ]
    }
  ]
}
