{
  "colliders": [
    {
      "shape": "box",
      "size": [
        0.0010000002,
        0.001,
        0.001
      ],
      "offset": [
        0.0055,
        -0.02047481,
        2.5000001e-05
      ],
      "rotation": [
        0.0,
        0.0,
        0.0
      ]
    },
    {
      "shape": "box",
      "size": [
        0.001,
        0.001,
        0.001
      ],
      "offset": [
        0.0055577764,
        -0.020541579,
        2.5000001e-05
      ],
      "rotation": [
        0.0,
        0.0,
        0.0
      ]
    },
    {
      "shape": "box",
      "size": [
        0.001,
        0.001,
        0.001
      ],
      "offset": [
        0.0055577764,
        -0.020409402,
        2.5000001e-05
      ],
      "rotation": [
        0.0,
        0.0,
        0.0
      ]
    },
    {
      "shape": "box",
      "size": [
        0.001,
        0.001,
        0.001
      ],
      "offset": [
        0.006,
        -0.02047549,
        2.5000001e-05
      ],
      "rotation": [
        0.0,
        0.0,
        0.0
      ]
    }
  ]
}
