{
  "colliders": [
    {
      "shape": "box",
      "size": [
        0.001,
        0.001,
        0.001
      ],
      "offset": [
        0.0057139234,
        -9.999999e-05,
        0.0005
      ],
      "rotation": [
        0.0,
        0.0,
        0.0
      ]
    },
    {
      "shape": "box",
      "size": [
        0.001,
        0.001,
        0.001
      ],
      "offset": [
        0.005904539,
        -0.00032499997,
        0.0005
      ],
      "rotation": [
        0.0,
        0.0,
        0.0
      ]
    },
    {
      "shape": "box",
      "size": [
        0.001,
        0.001,
        0.001
      ],
      "offset": [
        0.0060342313,
        -0.0003476343,
        0.0005
      ],
      "rotation": [
        0.0,
        0.0,
        0.0
      ]
    },
    {
      "shape": "box",
      "size": [
        0.001,
        0.001,
        0.001
      ],
      "offset": [
        0.0061639235,
        -9.7634314e-05,
        0.0005
      ],
      "rotation": [
        0.0,
        0.0,
        0.0
      ]
    }
  ]
}
