{
  "colliders": [
    {
      "shape": "box",
      "size": [
        0.001,
        0.001,
        0.001
      ],
      "offset": [
        0.0088,
        0.0100739235,
        0.0005
      ],
      "rotation": [
        0.0,
        0.0,
        0.0
      ]
    },
    {
      "shape": "box",
      "size": [
        0.001,
        0.001,
        0.001
      ],
      "offset": [
        0.009025,
        0.010264539,
        0.0005
      ],
      "rotation": [
        0.0,
        0.0,
        0.0
      ]
    },
    {
      "shape": "box",
      "size": [
        0.001,
        0.001,
        0.001
      ],
      "offset": [
        0.009047635,
        0.010394231,
        0.0005
      ],
      "rotation": [
        0.0,
        0.0,
        0.0
      ]
    },
    {
      "shape": "box",
      "size": [
        0.001,
        0.001,
        0.001
      ],
      "offset": [
        0.00905,
        0.009753365,
        0.0005
      ],
      "rotation": [
        0.0,
        0.0,
        0.0
      ]
    }
  ]
}
