{
  "colliders": [
    {
      "shape": "box",
      "size": [
        0.001,
        0.0010000002,
        0.001
      ],
      "offset": [
        0.002619772,
        0.0128,
        0.003925
      ],
      "rotation": [
        0.0,
        0.0,
        0.0
      ]
    },
    {
      "shape": "box",
      "size": [
        0.001,
        0.001,
        0.001
      ],
      "offset": [
        0.00296895,
        0.012718582,
        0.003925
      ],
      "rotation": [
        0.0,
        0.0,
        0.0
      ]
    },
    {
      "shape": "box",
      "size": [
        0.001,
        0.001,
        0.001
      ],
      "offset": [
        0.0030074446,
        0.0133,
        0.003925
      ],
      "rotation": [
        0.0,
        0.0,
        0.0
      ]
    },
    {
      "shape": "box",
      "size": [
        0.001,
        0.001,
        0.001
      ],
      "offset": [
        0.0030326536,
        0.0123,
        0.003925
      ],
      "rotation": [
        0.0,
        0.0,
        0.0
      ]
    }
  ]
}
