{
  "colliders": [
    {
      "shape": "box",
      "size": [
        0.0050019072,
        0.005001908,
        0.0010019074
      ],
      "offset": [
        0.0058999998,
        -0.0135,
        0.00046
      ],
      "rotation": [
        0.0,
        0.0,
        0.0
      ]
    }
  ]
}
