{
  "colliders": [
    {
      "shape": "box",
      "size": [
        0.0012737005,
        0.0016528061,
        0.0010019074
      ],
      "offset": [
        -0.0037268654,
        0.0011021935,
        -0.001625
      ],
      "rotation": [
        0.0,
        0.0,
        0.0
      ]
    }
  ]
}
