{
  "colliders": [
    {
      "shape": "box",
      "size": [
        0.002501907,
        0.001251908,
        0.0011019073
      ],
      "offset": [
        -0.0038,
        -0.0178,
        0.00055
      ],
      "rotation": [
        0.0,
        0.0,
        0.0
      ]
    }
  ]
}
