{
  "colliders": [
    {
      "shape": "box",
      "size": [
        0.0045000003,
        0.0016000001,
        0.0016
      ],
      "offset": [
        -0.0064000003,
        -0.007999999,
        0.0008
      ],
      "rotation": [
        0.0,
        0.0,
        0.0
      ]
    }
  ]
}
