{
  "colliders": [
    {
      "shape": "box",
      "size": [
        0.0012590839,
        0.0016000001,
        0.001
      ],
      "offset": [
        0.008870458,
        0.0011,
        -0.001625
      ],
      "rotation": [
        0.0,
        0.0,
        0.0
      ]
    }
  ]
}
