{
  "colliders": [
    {
      "shape": "box",
      "size": [
        0.001,
        0.0016000001,
        0.001
      ],
      "offset": [
        -0.0023,
        -0.0079,
        0.00022500001
      ],
      "rotation": [
        0.0,
        0.0,
        0.0
      ]
    }
  ]
}
