{
  "colliders": [
    {
      "shape": "box",
      "size": [
        0.0016000005,
        0.001,
        0.001
      ],
      "offset": [
        -0.0072,
        -0.0178,
        0.00022500001
      ],
      "rotation": [
        0.0,
        0.0,
        0.0
      ]
    }
  ]
}
