{
  "colliders": [
    {
      "shape": "box",
      "size": [
        0.001,
        0.001,
        0.001
      ],
      "offset": [
        0.0088,
        0.0037239231,
        0.0005
      ],
      "rotation": [
        0.0,
        0.0,
        0.0
      ]
    },
    {
      "shape": "box",
      "size": [
        0.001,
        0.001,
        0.001
      ],
      "offset": [
        0.009025,
        0.003914539,
        0.0005
      ],
      "rotation": [
        0.0,
        0.0,
        0.0
      ]
    },
    {
      "shape": "box",
      "size": [
        0.001,
        0.001,
        0.001
      ],
      "offset": [
        0.009047635,
        0.004044231,
        0.0005
      ],
      "rotation": [
        0.0,
        0.0,
        0.0
      ]
    },
    {
      "shape": "box",
      "size": [
        0.001,
        0.001,
        0.001
      ],
      "offset": [
        0.00905,
        0.0034033651,
        0.0005
      ],
      "rotation": [
        0.0,
        0.0,
        0.0
      ]
    }
  ]
}
