{
  "colliders": [
    {
      "shape": "box",
      "size": [
        0.0015999998,
        0.001,
        0.001
      ],
      "offset": [
        0.0045,
        -0.0178,
        0.00022500001
      ],
      "rotation": [
        0.0,
        0.0,
        0.0
      ]
    },
    {
      "shape": "box",
      "size": [
        0.001,
        0.001,
        0.001
      ],
      "offset": [
        0.0052775,
        -0.0178,
        2.2499997e-05
      ],
      "rotation": [
        0.0,
        0.0,
        0.0
      ]
    },
    {
      "shape": "box",
      "size": [
        0.001,
        0.001,
        0.001
      ],
      "offset": [
        0.0052775,
        -0.0178,
        0.0004275
      ],
      "rotation": [
        0.0,
        0.0,
        0.0
      ]
    },
    {
      "shape": "box",
      "size": [
        0.001,
        0.001,
        0.001
      ],
      "offset": [
        0.0053,
        -0.0178,
        0.00022500001
      ],
      "rotation": [
        0.0,
        0.0,
        0.0
      ]
    }
  ]
}
