{
  "colliders": [
    {
      "shape": "box",
      "size": [
        0.0012207452,
        0.0022225007,
        0.001
      ],
      "offset": [
        0.0018120024,
        0.00968875,
        0.003915
      ],
      "rotation": [
        0.0,
        0.0,
        0.0
      ]
    }
  ]
}
