{
  "colliders": [
    {
      "shape": "box",
      "size": [
        0.0012569041,
        0.001627907,
        0.001
      ],
      "offset": [
        5.2143907e-05,
        0.0010860466,
        -0.001625
      ],
      "rotation": [
        0.0,
        0.0,
        0.0
      ]
    }
  ]
}
