{
  "colliders": [
    {
      "shape": "box",
      "size": [
        0.001,
        0.001,
        0.001
      ],
      "offset": [
        0.0019039233,
        -9.999999e-05,
        0.0005
      ],
      "rotation": [
        0.0,
        0.0,
        0.0
      ]
    },
    {
      "shape": "box",
      "size": [
        0.001,
        0.001,
        0.001
      ],
      "offset": [
        0.002094539,
        -0.00032499997,
        0.0005
      ],
      "rotation": [
        0.0,
        0.0,
        0.0
      ]
    },
    {
      "shape": "box",
      "size": [
        0.001,
        0.001,
        0.001
      ],
      "offset": [
        0.0022242311,
        -0.0003476343,
        0.0005
      ],
      "rotation": [
        0.0,
        0.0,
        0.0
      ]
    },
    {
      "shape": "box",
      "size": [
        0.001,
        0.001,
        0.001
      ],
      "offset": [
        0.0023539234,
        -9.7634314e-05,
        0.0005
      ],
      "rotation": [
        0.0,
        0.0,
        0.0
      ]
    }
  ]
}
