{
  "colliders": [
    {
      "shape": "box",
      "size": [
        0.0029991074,
        0.005005708,
        0.0019323074
      ],
      "offset": [
        0.0077514,
        -0.0222315,
        0.001269
      ],
      "rotation": [
        0.0,
        0.0,
        0.0
      ]
    }
  ]
}
