{
  "colliders": [
    {
      "shape": "box",
      "size": [
        0.001,
        0.0016000003,
        0.001
      ],
      "offset": [
        -0.0028,
        -0.004,
        0.00022500001
      ],
      "rotation": [
        0.0,
        0.0,
        0.0
      ]
    },
    {
      "shape": "box",
      "size": [
        0.001,
        0.001,
        0.001
      ],
      "offset": [
        -0.0028,
        -0.0032225,
        2.2499997e-05
      ],
      "rotation": [
        0.0,
        0.0,
        0.0
      ]
    },
    {
      "shape": "box",
      "size": [
        0.001,
        0.001,
        0.001
      ],
      "offset": [
        -0.0028,
        -0.0032225,
        0.0004275
      ],
      "rotation": [
        0.0,
        0.0,
        0.0
      ]
    },
    {
      "shape": "box",
      "size": [
        0.001,
        0.001,
        0.001
      ],
      "offset": [
        -0.0028,
        -0.0032,
        0.00022500001
      ],
      "rotation": [
        0.0,
        0.0,
        0.0
      ]
    }
  ]
}
