{
  "colliders": [
    {
      "shape": "box",
      "size": [
        0.001,
        0.001,
        0.001
      ],
      "offset": [
        -0.00520741,
        0.016759906,
        0.0039124996
      ],
      "rotation": [
        0.0,
        0.0,
        0.0
      ]
    },
    {
      "shape": "box",
      "size": [
        0.0012568561,
        0.0012539383,
        0.001
      ],
      "offset": [
        -0.0046497234,
        0.016172867,
        0.0039124996
      ],
      "rotation": [
        0.0,
        0.0,
        0.0
      ]
    },
    {
      "shape": "box",
      "size": [
        0.001,
        0.001,
        0.001
      ],
      "offset": [
        -0.0040660556,
        0.015559137,
        0.0039124996
      ],
      "rotation": [
        0.0,
        0.0,
        0.0
      ]
    },
    {
      "shape": "box",
      "size": [
        0.001,
        0.001,
        0.001
      ],
      "offset": [
        -0.004025276,
        0.015630415,
        0.0039124996
      ],
      "rotation": [
        0.0,
        0.0,
        0.0
      ]
    }
  ]
}
