{
  "colliders": [
    {
      "shape": "box",
      "size": [
        0.017601676,
        0.017591167,
        0.018301908
      ],
      "offset": [
        0.0,
        0.0,
        -0.00495
      ],
      "rotation": [
        0.0,
        0.0,
        0.0
      ]
    }
  ]
}
