{
  "colliders": [
    {
      "shape": "box",
      "size": [
        0.14000191,
        0.2072433,
        0.037001908
      ],
      "offset": [
        0.0,
        0.014194261,
        0.0185
      ],
      "rotation": [
        0.0,
        0.0,
        0.0
      ]
    }
  ]
}
