{
  "colliders": [
    {
      "shape": "box",
      "size": [
        0.0022966268,
        0.012000002,
        0.0023
      ],
      "offset": [
        0.0,
        -0.006000001,
        0.0
      ],
      "rotation": [
        0.0,
        0.0,
        0.0
      ]
    },
    {
      "shape": "box",
      "size": [
        0.027958935,
        0.047,
        0.028
      ],
      "offset": [
        0.0,
        0.0235,
        0.0
      ],
      "rotation": [
        0.0,
        0.0,
        0.0
      ]
    },
    {
      "shape": "box",
      "size": [
        0.002,
        0.009999998,
        0.001
      ],
      "offset": [
        0.0,
        0.051999997,
        -0.012466528
      ],
      "rotation": [
        0.0,
        0.0,
        0.0
      ]
    },
    {
      "shape": "box",
      "size": [
        0.002,
        0.009999998,
        0.001
      ],
      "offset": [
        0.0,
        0.051999997,
        0.012466528
      ],
      "rotation": [
        0.0,
        0.0,
        0.0
      ]
    }
  ]
}
