{
  "colliders": [
    {
      "shape": "box",
      "size": [
        0.013,
        0.00365,
        0.00253
      ],
      "offset": [
        0.0,
        -0.001825,
        0.0
      ],
      "rotation": [
        0.0,
        0.0,
        0.0
      ]
    },
    {
      "shape": "box",
      "size": [
        0.0046979147,
        0.0016,
        0.0047
      ],
      "offset": [
        0.0,
        -0.0008,
        0.0
      ],
      "rotation": [
        0.0,
        0.0,
        0.0
      ]
    },
    {
      "shape": "box",
      "size": [
        0.01705,
        0.02285,
        0.017030638
      ],
      "offset": [
        0.0,
        0.011425,
        0.0
      ],
      "rotation": [
        0.0,
        0.0,
        0.0
      ]
    },
    {
      "shape": "box",
      "size": [
        0.0061,
        0.0040000007,
        0.0060963565
      ],
      "offset": [
        0.0,
        0.02485,
        0.0
      ],
      "rotation": [
        0.0,
        0.0,
        0.0
      ]
    }
  ]
}
