{
  "colliders": [
    {
      "shape": "box",
      "size": [
        0.042999998,
        0.042999998,
        0.03
      ],
      "offset": [
        -0.0185,
        0.0185,
        0.015
      ],
      "rotation": [
        0.0,
        0.0,
        0.0
      ]
    }
  ]
}
