{
  "colliders": [
    {
      "shape": "box",
      "size": [
        0.009985334,
        0.01,
        0.01
      ],
      "offset": [
        0.0,
        -0.005,
        0.0
      ],
      "rotation": [
        0.0,
        0.0,
        0.0
      ]
    },
    {
      "shape": "box",
      "size": [
        0.013740936,
        0.001,
        0.0119
      ],
      "offset": [
        0.0,
        0.0,
        0.0
      ],
      "rotation": [
        0.0,
        0.0,
        0.0
      ]
    },
    {
      "shape": "box",
      "size": [
        0.013740936,
        0.005,
        0.0119
      ],
      "offset": [
        0.0,
        0.0025,
        0.0
      ],
      "rotation": [
        0.0,
        0.0,
        0.0
      ]
    },
    {
      "shape": "box",
      "size": [
        0.013740936,
        0.001,
        0.0119
      ],
      "offset": [
        0.0,
        0.005,
        0.0
      ],
      "rotation": [
        0.0,
        0.0,
        0.0
      ]
    }
  ]
}
