{
  "colliders": [
    {
      "shape": "box",
      "size": [
        0.006928203,
        0.008,
        0.004
      ],
      "offset": [
        -0.0011547005,
        0.0,
        -0.002
      ],
      "rotation": [
        0.0,
        0.0,
        0.0
      ]
    },
    {
      "shape": "box",
      "size": [
        0.009237604,
        0.008,
        0.001
      ],
      "offset": [
        0.0,
        0.0,
        -0.004
      ],
      "rotation": [
        0.0,
        0.0,
        0.0
      ]
    },
    {
      "shape": "box",
      "size": [
        0.009237604,
        0.008,
        0.001
      ],
      "offset": [
        0.0,
        0.0,
        0.0
      ],
      "rotation": [
        0.0,
        0.0,
        0.0
      ]
    },
    {
      "shape": "box",
      "size": [
        0.002309401,
        0.008,
        0.004
      ],
      "offset": [
        0.0034641016,
        0.0,
        -0.002
      ],
      "rotation": [
        0.0,
        0.0,
        0.0
      ]
    }
  ]
}
