{
  "colliders": [
    {
      "shape": "box",
      "size": [
        0.0040000044,
        0.003994137,
        0.0085
      ],
      "offset": [
        -0.06375,
        0.06375,
        0.00425
      ],
      "rotation": [
        0.0,
        0.0,
        0.0
      ]
    },
    {
      "shape": "box",
      "size": [
        0.004,
        0.0039941333,
        0.0085
      ],
      "offset": [
        0.0,
        -1.8626451e-09,
        0.00425
      ],
      "rotation": [
        0.0,
        0.0,
        0.0
      ]
    },
    {
      "shape": "box",
      "size": [
        0.14,
        0.13979468,
        0.0085
      ],
      "offset": [
        0.0,
        0.0641,
        0.00425
      ],
      "rotation": [
        0.0,
        0.0,
        0.0
      ]
    },
    {
      "shape": "box",
      "size": [
        0.004,
        0.003994137,
        0.0085
      ],
      "offset": [
        0.0,
        0.1275,
        0.00425
      ],
      "rotation": [
        0.0,
        0.0,
        0.0
      ]
    }
  ]
}
