{
  "colliders": [
    {
      "shape": "box",
      "size": [
        0.11330191,
        0.11313574,
        0.03200191
      ],
      "offset": [
        0.0,
        -0.05105,
        0.016
      ],
      "rotation": [
        0.0,
        0.0,
        0.0
      ]
    }
  ]
}
