{
  "colliders": [
    {
      "shape": "box",
      "size": [
        0.013856406,
        0.012,
        0.017
      ],
      "offset": [
        0.0,
        0.0,
        -0.0034999996
      ],
      "rotation": [
        0.0,
        0.0,
        0.0
      ]
    }
  ]
}
