{
  "colliders": [
    {
      "shape": "box",
      "size": [
        0.009985334,
        0.001,
        0.01
      ],
      "offset": [
        0.0,
        0.0,
        0.0
      ],
      "rotation": [
        0.0,
        0.0,
        0.0
      ]
    },
    {
      "shape": "box",
      "size": [
        0.004992667,
        0.004,
        0.005
      ],
      "offset": [
        0.0,
        0.002,
        0.0
      ],
      "rotation": [
        0.0,
        0.0,
        0.0
      ]
    },
    {
      "shape": "box",
      "size": [
        0.009985334,
        0.004,
        0.01
      ],
      "offset": [
        0.0,
        0.002,
        0.0
      ],
      "rotation": [
        0.0,
        0.0,
        0.0
      ]
    },
    {
      "shape": "box",
      "size": [
        0.009985334,
        0.001,
        0.01
      ],
      "offset": [
        0.0,
        0.004,
        0.0
      ],
      "rotation": [
        0.0,
        0.0,
        0.0
      ]
    }
  ]
}
