{
  "colliders": [
    {
      "shape": "box",
      "size": [
        0.14,
        0.13979468,
        0.029
      ],
      "offset": [
        0.041074105,
        -0.048950195,
        0.0145
      ],
      "rotation": [
        0.0,
        0.0,
        0.0
      ]
    }
  ]
}
