{
  "colliders": [
    {
      "shape": "box",
      "size": [
        0.050001904,
        0.1300019,
        0.03384696
      ],
      "offset": [
        0.0185,
        -0.053,
        -0.007
      ],
      "rotation": [
        0.0,
        0.0,
        0.0
      ]
    }
  ]
}
