{
  "colliders": [
    {
      "shape": "box",
      "size": [
        0.047001906,
        0.029001907,
        0.044001907
      ],
      "offset": [
        0.0185,
        0.0,
        -0.017
      ],
      "rotation": [
        0.0,
        0.0,
        0.0
      ]
    }
  ]
}
