{
  "colliders": [
    {
      "shape": "box",
      "size": [
        0.036001906,
        0.029001907,
        0.03400191
      ],
      "offset": [
        0.0,
        0.0,
        0.017
      ],
      "rotation": [
        0.0,
        0.0,
        0.0
      ]
    }
  ]
}
