{
  "colliders": [
    {
      "shape": "box",
      "size": [
        0.0334,
        0.001,
        0.0215
      ],
      "offset": [
        -0.0143,
        -0.00605,
        -0.007049999
      ],
      "rotation": [
        0.0,
        0.0,
        0.0
      ]
    },
    {
      "shape": "box",
      "size": [
        0.023400001,
        0.0121,
        0.0215
      ],
      "offset": [
        -0.0143,
        0.0,
        -0.007049999
      ],
      "rotation": [
        0.0,
        0.0,
        0.0
      ]
    },
    {
      "shape": "box",
      "size": [
        0.0334,
        0.0121,
        0.012365783
      ],
      "offset": [
        -0.0143,
        0.0,
        0.0060171084
      ],
      "rotation": [
        0.0,
        0.0,
        0.0
      ]
    },
    {
      "shape": "box",
      "size": [
        0.0334,
        0.001,
        0.0215
      ],
      "offset": [
        -0.0143,
        0.00605,
        -0.007049999
      ],
      "rotation": [
        0.0,
        0.0,
        0.0
      ]
    }
  ]
}
