{
  "colliders": [
    {
      "shape": "box",
      "size": [
        0.00636815,
        0.020002194,
        0.0034
      ],
      "offset": [
        -0.00018138695,
        0.0070263594,
        0.0017
      ],
      "rotation": [
        0.0,
        0.0,
        0.0
      ]
    }
  ]
}
