{
  "colliders": [
    {
      "shape": "box",
      "size": [
        0.003999453,
        0.003997162,
        0.0085
      ],
      "offset": [
        -0.0063580098,
        0.050652523,
        -0.00425
      ],
      "rotation": [
        0.0,
        0.0,
        0.0
      ]
    },
    {
      "shape": "box",
      "size": [
        0.11358447,
        0.11351959,
        0.0085
      ],
      "offset": [
        0.0,
        0.0,
        -0.00425
      ],
      "rotation": [
        0.0,
        0.0,
        0.0
      ]
    },
    {
      "shape": "box",
      "size": [
        0.003999453,
        0.003997162,
        0.0085
      ],
      "offset": [
        0.0063580098,
        -0.050652523,
        -0.00425
      ],
      "rotation": [
        0.0,
        0.0,
        0.0
      ]
    },
    {
      "shape": "box",
      "size": [
        0.0039994493,
        0.0039971694,
        0.0085
      ],
      "offset": [
        0.050652523,
        0.0063580098,
        -0.00425
      ],
      "rotation": [
        0.0,
        0.0,
        0.0
      ]
    }
  ]
}
