{
  "colliders": [
    {
      "shape": "box",
      "size": [
        0.0288,
        0.007200001,
        0.0211
      ],
      "offset": [
        -0.019399999,
        -0.0169,
        0.0
      ],
      "rotation": [
        0.0,
        0.0,
        0.0
      ]
    }
  ]
}
