{
  "colliders": [
    {
      "shape": "box",
      "size": [
        0.07,
        0.10811859,
        0.0261668
      ],
      "offset": [
        -0.008301611,
        -0.0599263,
        -0.00069809984
      ],
      "rotation": [
        0.0,
        0.0,
        0.0
      ]
    }
  ]
}
