{
  "colliders": [
    {
      "shape": "box",
      "size": [
        0.04500191,
        0.009701908,
        0.024501909
      ],
      "offset": [
        -0.0165,
        -0.0037500001,
        -0.01025
      ],
      "rotation": [
        0.0,
        0.0,
        0.0
      ]
    }
  ]
}
