{
  "colliders": [
    {
      "shape": "box",
      "size": [
        0.04500191,
        0.009701908,
        0.024501907
      ],
      "offset": [
        -0.013,
        0.00265,
        0.0
      ],
      "rotation": [
        0.0,
        0.0,
        0.0
      ]
    }
  ]
}
