{
  "colliders": [
    {
      "shape": "box",
      "size": [
        0.024001908,
        0.05400191,
        0.017258726
      ],
      "offset": [
        -0.012,
        0.027,
        -0.0061298753
      ],
      "rotation": [
        0.0,
        0.0,
        0.0
      ]
    }
  ]
}
