{
  "colliders": [
    {
      "shape": "box",
      "size": [
        0.015,
        0.01,
        0.0059999996
      ],
      "offset": [
        -0.00773132,
        0.0348,
        -0.006
      ],
      "rotation": [
        0.0,
        0.0,
        0.0
      ]
    }
  ]
}
