{
  "colliders": [
    {
      "shape": "box",
      "size": [
        0.119003534,
        0.009009994,
        0.002
      ],
      "offset": [
        0.0547978,
        -0.00049464917,
        0.001
      ],
      "rotation": [
        0.0,
        0.0,
        0.0
      ]
    }
  ]
}
