{
  "colliders": [
    {
      "shape": "box",
      "size": [
        0.14000191,
        0.20571843,
        0.0030019074
      ],
      "offset": [
        0.057499997,
        0.09586926,
        0.0015
      ],
      "rotation": [
        0.0,
        0.0,
        0.0
      ]
    }
  ]
}
