{
  "colliders": [
    {
      "shape": "box",
      "size": [
        0.040661827,
        0.023469722,
        0.015001907
      ],
      "offset": [
        -0.010182355,
        0.0044134455,
        -0.004
      ],
      "rotation": [
        0.0,
        0.0,
        0.0
      ]
    }
  ]
}
