{
  "colliders": [
    {
      "shape": "box",
      "size": [
        0.040815,
        0.023381406,
        0.015001907
      ],
      "offset": [
        -0.010135351,
        0.004580629,
        0.004
      ],
      "rotation": [
        0.0,
        0.0,
        0.0
      ]
    }
  ]
}
