{
  "colliders": [
    {
      "shape": "box",
      "size": [
        0.0034641016,
        0.005,
        0.006
      ],
      "offset": [
        -0.0051961523,
        0.0025,
        0.003
      ],
      "rotation": [
        0.0,
        0.0,
        0.0
      ]
    },
    {
      "shape": "box",
      "size": [
        0.032935895,
        0.024999999,
        0.03298427
      ],
      "offset": [
        0.0,
        -0.0075,
        0.0
      ],
      "rotation": [
        0.0,
        0.0,
        0.0
      ]
    },
    {
      "shape": "box",
      "size": [
        0.006928203,
        0.005,
        0.001
      ],
      "offset": [
        0.0,
        0.0025,
        -0.006
      ],
      "rotation": [
        0.0,
        0.0,
        0.0
      ]
    },
    {
      "shape": "box",
      "size": [
        0.006928203,
        0.005,
        0.001
      ],
      "offset": [
        0.0,
        0.0025,
        0.006
      ],
      "rotation": [
        0.0,
        0.0,
        0.0
      ]
    }
  ]
}
