{
  "colliders": [
    {
      "shape": "box",
      "size": [
        0.03693003,
        0.001,
        0.036984272
      ],
      "offset": [
        0.0,
        -0.025,
        0.0
      ],
      "rotation": [
        0.0,
        0.0,
        0.0
      ]
    },
    {
      "shape": "box",
      "size": [
        0.032935895,
        0.025,
        0.03298427
      ],
      "offset": [
        0.0,
        -0.0125,
        0.0
      ],
      "rotation": [
        0.0,
        0.0,
        0.0
      ]
    },
    {
      "shape": "box",
      "size": [
        0.03693003,
        0.025,
        0.036984272
      ],
      "offset": [
        0.0,
        -0.0125,
        0.0
      ],
      "rotation": [
        0.0,
        0.0,
        0.0
      ]
    },
    {
      "shape": "box",
      "size": [
        0.03693003,
        0.001,
        0.036984272
      ],
      "offset": [
        0.0,
        0.0,
        0.0
      ],
      "rotation": [
        0.0,
        0.0,
        0.0
      ]
    }
  ]
}
