{
  "colliders": [
    {
      "shape": "box",
      "size": [
        0.060668252,
        0.001,
        0.060757358
      ],
      "offset": [
        0.0,
        -0.025,
        0.0
      ],
      "rotation": [
        0.0,
        0.0,
        0.0
      ]
    },
    {
      "shape": "box",
      "size": [
        0.064904675,
        0.025,
        0.065
      ],
      "offset": [
        0.0,
        -0.0125,
        0.0
      ],
      "rotation": [
        0.0,
        0.0,
        0.0
      ]
    },
    {
      "shape": "box",
      "size": [
        0.064904675,
        0.0021213202,
        0.065
      ],
      "offset": [
        0.0,
        -0.0010606601,
        0.0
      ],
      "rotation": [
        0.0,
        0.0,
        0.0
      ]
    },
    {
      "shape": "box",
      "size": [
        0.060668252,
        0.001,
        0.060757358
      ],
      "offset": [
        0.0,
        0.0,
        0.0
      ],
      "rotation": [
        0.0,
        0.0,
        0.0
      ]
    }
  ]
}
