{
  "colliders": [
    {
      "shape": "box",
      "size": [
        0.04522191,
        0.014101908,
        0.024721907
      ],
      "offset": [
        -0.013,
        -0.02115,
        0.0
      ],
      "rotation": [
        0.0,
        0.0,
        0.0
      ]
    }
  ]
}
