{
  "colliders": [
    {
      "shape": "box",
      "size": [
        0.04522191,
        0.014101908,
        0.02472191
      ],
      "offset": [
        -0.02025,
        0.004449999,
        0.01025
      ],
      "rotation": [
        0.0,
        0.0,
        0.0
      ]
    }
  ]
}
