{
  "colliders": [
    {
      "shape": "box",
      "size": [
        0.045225315,
        0.013901908,
        0.024725316
      ],
      "offset": [
        -0.013,
        -0.00815,
        0.0
      ],
      "rotation": [
        0.0,
        0.0,
        0.0
      ]
    }
  ]
}
