{
  "colliders": [
    {
      "shape": "box",
      "size": [
        0.019199971,
        0.0022000019,
        0.019173622
      ],
      "offset": [
        3.213063e-08,
        0.00225,
        -9.313226e-09
      ],
      "rotation": [
        0.0,
        0.0,
        0.0
      ]
    },
    {
      "shape": "box",
      "size": [
        0.0060499907,
        0.0030499995,
        0.0060499907
      ],
      "offset": [
        3.236346e-08,
        0.0015250016,
        -9.313226e-09
      ],
      "rotation": [
        0.0,
        0.0,
        0.0
      ]
    },
    {
      "shape": "box",
      "size": [
        0.008919986,
        0.0011500046,
        0.008907746
      ],
      "offset": [
        3.259629e-08,
        0.00057499856,
        -9.778887e-09
      ],
      "rotation": [
        0.0,
        0.0,
        0.0
      ]
    },
    {
      "shape": "box",
      "size": [
        0.0024965655,
        0.0022,
        0.0024999967
      ],
      "offset": [
        0.0003911731,
        0.002249999,
        0.006989052
      ],
      "rotation": [
        0.0,
        0.0,
        0.0
      ]
    }
  ]
}
