{
  "colliders": [
    {
      "shape": "box",
      "size": [
        0.019199546,
        0.004501976,
        0.019187715
      ],
      "offset": [
        1.15484e-07,
        0.0022500288,
        5.401671e-08
      ],
      "rotation": [
        0.0,
        0.0,
        0.0
      ]
    }
  ]
}
