{
  "colliders": [
    {
      "shape": "box",
      "size": [
        0.019201908,
        0.004501907,
        0.01918783
      ],
      "offset": [
        4.656613e-10,
        -0.00225,
        -0.0070070405
      ],
      "rotation": [
        0.0,
        0.0,
        0.0
      ]
    }
  ]
}
