{
  "colliders": [
    {
      "shape": "box",
      "size": [
        0.019193487,
        0.004501907,
        0.01919972
      ],
      "offset": [
        -3.1022355e-06,
        -0.0007499987,
        -9.313226e-10
      ],
      "rotation": [
        0.0,
        0.0,
        0.0
      ]
    }
  ]
}
